{"cameraMode":{"drawMode":0,"name":"Shaded","section":"Shading Mode"},"sceneLighting":true,"audioPlay":false,"sceneViewState":{"m_AlwaysRefresh":false,"showFog":true,"showSkybox":true,"showFlares":true,"showImageEffects":true,"showParticleSystems":true,"showVisualEffectGraphs":true,"m_FxEnabled":true},"in2DMode":false,"pivot":{"x":-0.47792601585388186,"y":0.013862371444702149,"z":1.55037522315979},"rotation":{"x":-0.11547168344259262,"y":0.8672826886177063,"z":-0.2372298389673233,"w":-0.4221608638763428},"size":7.130080223083496,"orthographic":true}