{"cameraMode":{"drawMode":0,"name":"Shaded","section":"Shading Mode"},"sceneLighting":true,"audioPlay":false,"sceneViewState":{"m_AlwaysRefresh":false,"showFog":true,"showSkybox":true,"showFlares":true,"showImageEffects":true,"showParticleSystems":true,"showVisualEffectGraphs":true,"m_FxEnabled":true},"in2DMode":false,"pivot":{"x":0.379214882850647,"y":0.8000000715255737,"z":-0.9702860713005066},"rotation":{"x":0.010244837962090969,"y":0.5207714438438416,"z":-0.006247821729630232,"w":0.8536152243614197},"size":1.3568315505981446,"orthographic":true}