{"cameraMode":{"drawMode":0,"name":"Shaded","section":"Shading Mode"},"sceneLighting":true,"audioPlay":false,"sceneViewState":{"m_AlwaysRefresh":false,"showFog":true,"showSkybox":true,"showFlares":true,"showImageEffects":true,"showParticleSystems":true,"showVisualEffectGraphs":true,"m_FxEnabled":true},"in2DMode":false,"pivot":{"x":0.10638809204101563,"y":0.9747521877288818,"z":-0.33263087272644045},"rotation":{"x":-0.0792657658457756,"y":0.888183057308197,"z":-0.16741926968097688,"w":-0.42052826285362246},"size":3.1498405933380129,"orthographic":false}