{"cameraMode":{"drawMode":0,"name":"Shaded","section":"Shading Mode"},"sceneLighting":true,"audioPlay":false,"sceneViewState":{"m_AlwaysRefresh":false,"showFog":true,"showSkybox":true,"showFlares":true,"showImageEffects":true,"showParticleSystems":true,"showVisualEffectGraphs":true,"m_FxEnabled":true},"in2DMode":false,"pivot":{"x":0.08368992805480957,"y":0.27130216360092165,"z":0.09575861692428589},"rotation":{"x":-0.0574481226503849,"y":0.8961010575294495,"z":-0.12171459943056107,"w":-0.42296355962753298},"size":4.230997085571289,"orthographic":true}