{"cameraMode":{"drawMode":0,"name":"Shaded","section":"Shading Mode"},"sceneLighting":true,"audioPlay":false,"sceneViewState":{"m_AlwaysRefresh":false,"showFog":true,"showSkybox":true,"showFlares":true,"showImageEffects":true,"showParticleSystems":true,"showVisualEffectGraphs":true,"m_FxEnabled":true},"in2DMode":false,"pivot":{"x":-1.5173606872558594,"y":1.5346307754516602,"z":1.2390053272247315},"rotation":{"x":0.1569916158914566,"y":0.7667840123176575,"z":-0.20479919016361237,"w":0.5877639055252075},"size":1.8758244514465333,"orthographic":true}